version_id,document_id,version_no,file_path,num_pages,uploaded_at
1,1,1,/uploads/6/1/v1.pdf,10,2026-04-08 23:54:49+05:30
2,2,1,/uploads/7/2/v1.pdf,20,2025-11-03 09:48:22+05:30
3,3,1,/uploads/4/3/v1.pdf,20,2026-04-04 03:02:33+05:30
4,4,1,/uploads/9/4/v1.pdf,10,2026-01-02 01:15:12+05:30
5,4,2,/uploads/9/4/v2.pdf,18,2026-02-15 17:03:29+05:30
6,5,1,/uploads/4/5/v1.pdf,4,2026-01-13 11:56:20+05:30
7,5,2,/uploads/4/5/v2.pdf,3,2026-04-28 08:27:03+05:30
8,6,1,/uploads/20/6/v1.pdf,17,2025-12-21 01:56:04+05:30
9,7,1,/uploads/3/7/v1.pdf,20,2026-03-01 11:27:48+05:30
10,8,1,/uploads/10/8/v1.pdf,9,2025-12-27 11:14:23+05:30
11,9,1,/uploads/4/9/v1.pdf,21,2026-03-23 12:42:21+05:30
12,9,2,/uploads/4/9/v2.pdf,4,2026-03-25 06:36:30+05:30
13,10,1,/uploads/12/10/v1.pdf,21,2026-02-06 20:01:21+05:30
14,11,1,/uploads/9/11/v1.pdf,19,2026-01-23 03:05:40+05:30
15,11,2,/uploads/9/11/v2.pdf,19,2026-01-14 05:14:11+05:30
16,12,1,/uploads/18/12/v1.pdf,22,2025-12-19 12:14:18+05:30
17,13,1,/uploads/9/13/v1.pdf,15,2026-01-25 09:33:49+05:30
18,13,2,/uploads/9/13/v2.pdf,21,2026-02-08 00:14:40+05:30
19,14,1,/uploads/2/14/v1.pdf,22,2025-10-22 20:42:13+05:30
20,15,1,/uploads/11/15/v1.pdf,21,2026-01-24 05:54:32+05:30
21,16,1,/uploads/19/16/v1.pdf,9,2026-03-24 04:30:16+05:30
22,16,2,/uploads/19/16/v2.pdf,13,2026-02-03 20:16:42+05:30
23,17,1,/uploads/13/17/v1.pdf,24,2026-02-28 13:32:43+05:30
24,18,1,/uploads/8/18/v1.pdf,5,2025-11-11 09:00:25+05:30
25,19,1,/uploads/19/19/v1.pdf,21,2026-04-29 15:22:14+05:30
26,20,1,/uploads/8/20/v1.pdf,9,2026-02-21 17:32:36+05:30
27,21,1,/uploads/2/21/v1.pdf,14,2026-04-16 08:44:14+05:30
28,22,1,/uploads/14/22/v1.pdf,14,2026-01-10 19:32:32+05:30
29,22,2,/uploads/14/22/v2.pdf,17,2026-04-04 18:54:40+05:30
30,23,1,/uploads/20/23/v1.pdf,22,2026-04-27 10:23:46+05:30
31,24,1,/uploads/18/24/v1.pdf,19,2026-01-18 17:36:08+05:30
32,24,2,/uploads/18/24/v2.pdf,20,2026-02-17 13:24:06+05:30
33,25,1,/uploads/18/25/v1.pdf,7,2026-02-05 03:04:51+05:30
34,26,1,/uploads/4/26/v1.pdf,20,2025-11-23 02:13:15+05:30
35,26,2,/uploads/4/26/v2.pdf,12,2026-02-15 05:40:11+05:30
36,27,1,/uploads/1/27/v1.pdf,9,2026-03-31 04:58:40+05:30
37,28,1,/uploads/17/28/v1.pdf,19,2026-03-01 12:55:21+05:30
38,28,2,/uploads/17/28/v2.pdf,4,2026-01-14 07:06:27+05:30
39,29,1,/uploads/17/29/v1.pdf,11,2025-11-01 11:21:28+05:30
40,30,1,/uploads/6/30/v1.pdf,7,2026-04-04 03:50:50+05:30
41,31,1,/uploads/1/31/v1.pdf,17,2026-02-27 15:42:26+05:30
42,32,1,/uploads/10/32/v1.pdf,3,2025-11-26 00:37:36+05:30
43,33,1,/uploads/19/33/v1.pdf,25,2026-04-20 13:31:44+05:30
44,33,2,/uploads/19/33/v2.pdf,20,2026-01-23 05:55:31+05:30
45,34,1,/uploads/3/34/v1.pdf,20,2025-11-17 13:09:08+05:30
46,35,1,/uploads/16/35/v1.pdf,12,2026-01-11 12:28:57+05:30
47,36,1,/uploads/20/36/v1.pdf,4,2026-04-23 01:36:33+05:30
48,36,2,/uploads/20/36/v2.pdf,9,2026-04-07 16:49:01+05:30
49,37,1,/uploads/7/37/v1.pdf,14,2026-04-16 20:20:32+05:30
50,38,1,/uploads/12/38/v1.pdf,16,2026-04-26 11:44:22+05:30
51,38,2,/uploads/12/38/v2.pdf,7,2026-04-19 14:48:34+05:30
52,39,1,/uploads/8/39/v1.pdf,8,2026-04-26 10:05:19+05:30
53,40,1,/uploads/19/40/v1.pdf,16,2025-12-31 23:44:32+05:30
54,40,2,/uploads/19/40/v2.pdf,13,2026-04-03 14:54:52+05:30
55,41,1,/uploads/1/41/v1.pdf,24,2026-04-14 11:36:50+05:30
56,42,1,/uploads/8/42/v1.pdf,11,2026-02-20 20:31:19+05:30
57,42,2,/uploads/8/42/v2.pdf,25,2026-02-16 16:47:12+05:30
58,43,1,/uploads/3/43/v1.pdf,18,2025-12-19 18:17:33+05:30
59,43,2,/uploads/3/43/v2.pdf,17,2026-01-10 06:32:41+05:30
60,44,1,/uploads/16/44/v1.pdf,10,2025-12-02 16:39:36+05:30
61,44,2,/uploads/16/44/v2.pdf,24,2025-11-26 23:58:52+05:30
62,45,1,/uploads/19/45/v1.pdf,5,2026-04-24 10:53:06+05:30
63,46,1,/uploads/16/46/v1.pdf,23,2026-01-23 15:21:42+05:30
64,47,1,/uploads/14/47/v1.pdf,20,2026-01-20 12:54:44+05:30
65,48,1,/uploads/2/48/v1.pdf,11,2025-12-27 17:51:15+05:30
66,49,1,/uploads/11/49/v1.pdf,11,2025-11-06 00:06:31+05:30
67,49,2,/uploads/11/49/v2.pdf,22,2026-01-17 05:01:46+05:30
68,50,1,/uploads/18/50/v1.pdf,13,2026-02-06 03:24:16+05:30
